,race,armed_per,unarmed_per,body_camera_true_per,body_camera_false_per,signs_of_mental_illness_true_per,signs_of_mental_illness_false_per,attack_per,raceFullName
1,A,90.26548673,7.079646018,21.23893805,78.76106195,25.66371681,74.33628319,52.21238938,Asian
2,B,85.06224066,8.535862478,19.50207469,80.49792531,15.17486663,84.82513337,66.44931832,Black
3,H,86.5248227,7.358156028,14.9822695,85.0177305,17.0212766,82.9787234,58.15602837,Hispanic
4,N,82.65306122,7.142857143,17.34693878,82.65306122,16.32653061,83.67346939,57.14285714,Native American
5,O,80.85106383,10.63829787,12.76595745,87.23404255,21.27659574,78.72340426,65.95744681,Other
6,W,88.43026892,5.59724828,11.13195747,88.86804253,28.29893684,71.70106316,65.07191995,White