"","race","armed_per","unarmed_per","body_camera_true_per","body_camera_false_per","signs_of_mental_illness_true_per","signs_of_mental_illness_false_per","attack_per"
"1","A",90.2654867256637,7.07964601769912,21.2389380530973,78.7610619469027,25.6637168141593,74.3362831858407,52.212389380531
"2","B",85.0622406639004,8.53586247777119,19.5020746887967,80.4979253112033,15.1748666271488,84.8251333728512,66.4493183165382
"3","H",86.5248226950355,7.35815602836879,14.9822695035461,85.0177304964539,17.0212765957447,82.9787234042553,58.1560283687943
"4","N",82.6530612244898,7.14285714285714,17.3469387755102,82.6530612244898,16.3265306122449,83.6734693877551,57.1428571428571
"5","O",80.8510638297872,10.6382978723404,12.7659574468085,87.2340425531915,21.2765957446809,78.7234042553192,65.9574468085106
"6","W",88.4302689180738,5.59724828017511,11.1319574734209,88.8680425265791,28.2989368355222,71.7010631644778,65.0719199499687
